{
  "model": "llama-3.3-70b-versatile",
  "file": "pipeline/datasets/golden_train_v1.jsonl",
  "examples_tested": 39,
  "overall_accuracy_pct": 63.09,
  "perfect_examples": 11,
  "wrong_sign_errors": 15,
  "trap_accuracy": {
    "units_thousands": 51.2,
    "standard": 69.7,
    "calculation": 42.1,
    "negative_sign": 55.0,
    "negative_tax": 64.0,
    "fiscal_date": 11.1,
    "bank_structure": 100.0,
    "footnote": 100.0,
    "nci": 62.5
  },
  "example_scores": [
    72.72727272727273,
    72.72727272727273,
    0.0,
    0.0,
    100.0,
    100.0,
    88.88888888888889,
    75.0,
    100.0,
    100.0,
    100.0,
    100.0,
    100.0,
    83.33333333333334,
    72.72727272727273,
    0.0,
    0.0,
    77.77777777777779,
    91.66666666666666,
    20.0,
    0.0,
    84.61538461538461,
    90.0,
    0.0,
    90.0,
    90.0,
    0.0,
    90.0,
    91.66666666666666,
    90.0,
    100.0,
    100.0,
    100.0,
    0.0,
    0.0,
    100.0,
    76.92307692307693,
    0.0,
    40.0
  ]
}